{
  "project_info": {
    "project_number": "450667515608",
    "firebase_url": "https://monitoring-kebakaran.firebaseio.com",
    "project_id": "monitoring-kebakaran",
    "storage_bucket": "monitoring-kebakaran.appspot.com"
  },
  "client": [
    {
      "client_info": {
        "mobilesdk_app_id": "1:450667515608:android:14015f24c419afffa151ad",
        "android_client_info": {
          "package_name": "com.example.monitoringkebakaranhutan"
        }
      },
      "oauth_client": [
        {
          "client_id": "450667515608-6eoqcks9dn2osvjmb86m1kvq9100gni5.apps.googleusercontent.com",
          "client_type": 1,
          "android_info": {
            "package_name": "com.example.monitoringkebakaranhutan",
            "certificate_hash": "27c808406188b4556ec7fc14dd12299311f1cad0"
          }
        },
        {
          "client_id": "450667515608-a2vag9q74j0kdj6q1fc0m86c05bb3gfo.apps.googleusercontent.com",
          "client_type": 1,
          "android_info": {
            "package_name": "com.example.monitoringkebakaranhutan",
            "certificate_hash": "70b1478ac5b166b99637ed1d09bf1b40393a0114"
          }
        },
        {
          "client_id": "450667515608-mtdch50k4mevatr4prv3hpp4ru1b1k8s.apps.googleusercontent.com",
          "client_type": 1,
          "android_info": {
            "package_name": "com.example.monitoringkebakaranhutan",
            "certificate_hash": "750aea7a8916f97e906b3cfa5e9df0a3093037ee"
          }
        },
        {
          "client_id": "450667515608-am3rlm7tf4on7qgh1anst0srpc344b5q.apps.googleusercontent.com",
          "client_type": 3
        }
      ],
      "api_key": [
        {
          "current_key": "AIzaSyAs2-IFaxXFBNDD8OH9PyTWX5bRaHX0YyE"
        }
      ],
      "services": {
        "appinvite_service": {
          "other_platform_oauth_client": [
            {
              "client_id": "450667515608-am3rlm7tf4on7qgh1anst0srpc344b5q.apps.googleusercontent.com",
              "client_type": 3
            }
          ]
        }
      }
    },
    {
      "client_info": {
        "mobilesdk_app_id": "1:450667515608:android:641e7a596a29eba2a151ad",
        "android_client_info": {
          "package_name": "com.example.monitoringkebakaranhutanadmin"
        }
      },
      "oauth_client": [
        {
          "client_id": "450667515608-6v8os98s6jqsurbmlulbqstmgsf278mg.apps.googleusercontent.com",
          "client_type": 1,
          "android_info": {
            "package_name": "com.example.monitoringkebakaranhutanadmin",
            "certificate_hash": "70b1478ac5b166b99637ed1d09bf1b40393a0114"
          }
        },
        {
          "client_id": "450667515608-dmr5dhp8127i7an4bhq9ck4mc3cop8lv.apps.googleusercontent.com",
          "client_type": 1,
          "android_info": {
            "package_name": "com.example.monitoringkebakaranhutanadmin",
            "certificate_hash": "750aea7a8916f97e906b3cfa5e9df0a3093037ee"
          }
        },
        {
          "client_id": "450667515608-am3rlm7tf4on7qgh1anst0srpc344b5q.apps.googleusercontent.com",
          "client_type": 3
        }
      ],
      "api_key": [
        {
          "current_key": "AIzaSyAs2-IFaxXFBNDD8OH9PyTWX5bRaHX0YyE"
        }
      ],
      "services": {
        "appinvite_service": {
          "other_platform_oauth_client": [
            {
              "client_id": "450667515608-am3rlm7tf4on7qgh1anst0srpc344b5q.apps.googleusercontent.com",
              "client_type": 3
            }
          ]
        }
      }
    }
  ],
  "configuration_version": "1"
}